{"train/box_loss": 0.99841, "train/cls_loss": 1.06469, "train/dfl_loss": 1.16028, "_timestamp": 1718369840.2504356, "lr/pg0": 7.77665e-05, "lr/pg1": 7.77665e-05, "lr/pg2": 7.77665e-05, "metrics/precision(B)": 0.78781, "metrics/recall(B)": 0.75507, "metrics/mAP50(B)": 0.8283, "metrics/mAP50-95(B)": 0.64162, "val/box_loss": 0.89396, "val/cls_loss": 0.76619, "val/dfl_loss": 0.99879, "labels": {"_type": "image-file", "sha256": "e4b425b9f10a3d748c168d9e9b9369eaf019b1227ca753ea454e77933f69e2bf", "size": 257011, "path": "media/images/labels_1_e4b425b9f10a3d748c16.jpg", "format": "jpg", "width": 1600, "height": 1600}, "train_batch0": {"_type": "image-file", "sha256": "250792665c414b98e18a2fb67039b6a5340a4ff78264568d58dcb6c2b699bc7f", "size": 236759, "path": "media/images/train_batch0_1_250792665c414b98e18a.jpg", "format": "jpg", "width": 1280, "height": 1280}, "train_batch1": {"_type": "image-file", "sha256": "9b0481117c7e289c0c042b9aff1233365171477cd616957531736ac4c38fc617", "size": 265460, "path": "media/images/train_batch1_1_9b0481117c7e289c0c04.jpg", "format": "jpg", "width": 1280, "height": 1280}, "train_batch2": {"_type": "image-file", "sha256": "a74c528c55af637bed78c70aab1814000d6140dd912722047f8a2c81d9d6bea9", "size": 220531, "path": "media/images/train_batch2_1_a74c528c55af637bed78.jpg", "format": "jpg", "width": 1280, "height": 1280}, "model/parameters": 3157200, "model/GFLOPs": 8.858, "model/speed_PyTorch(ms)": 12.432, "_runtime": 226.13204860687256, "_step": 36, "_wandb": {"runtime": 226}}