                  epoch,         train/box_loss,         train/cls_loss,         train/dfl_loss,   metrics/precision(B),      metrics/recall(B),       metrics/mAP50(B),    metrics/mAP50-95(B),           val/box_loss,           val/cls_loss,           val/dfl_loss,                 lr/pg0,                 lr/pg1,                 lr/pg2
                      1,                 1.1881,                 4.4855,                 1.3403,                0.11686,                 0.1416,                0.03059,                0.02114,                 1.1261,                 3.4119,                 1.3009,              0.0001245,              0.0001245,              0.0001245
                      2,                 1.1979,                 3.9576,                 1.3438,                0.09679,                0.13953,                0.03854,                0.02828,                 1.0855,                 3.2271,                 1.2707,             0.00024947,             0.00024947,             0.00024947
